{"cameraMode":{"drawMode":0,"name":"Shaded","section":"Shading Mode"},"sceneLighting":true,"audioPlay":false,"sceneViewState":{"m_AlwaysRefresh":false,"showFog":true,"showSkybox":true,"showFlares":true,"showImageEffects":true,"showParticleSystems":true,"showVisualEffectGraphs":true,"m_FxEnabled":true},"in2DMode":false,"pivot":{"x":8.515594482421875,"y":-12.840076446533204,"z":27.89730453491211},"rotation":{"x":0.18834921717643739,"y":0.03534889221191406,"z":-0.006780729163438082,"w":0.9814572334289551},"size":32.755516052246097,"orthographic":false}